session_index,conversation_index,conversation_title,role,content
0,0,Conversation_20240121144538,assistant,How may I assist you today?
0,0,Conversation_20240121144538,user,hi
0,0,Conversation_20240121144538,assistant,Hello! How can I help you today?
0,0,Conversation_20240121144558,user,waht s a pipeline
0,0,Conversation_20240121144558,assistant,"A pipeline is a sequence of data processing components or stages that are connected together to perform a specific task or workflow. In the context of the code snippets you provided, a pipeline refers to a series of operations performed on data using Spark, a distributed computing system. These operations include reading data from a source, transforming the data, and writing the transformed data to a destination. Each code snippet represents a different pipeline with its own specific set of operations."
0,0,Conversation_20240121144606,user,thansk
0,0,Conversation_20240121144606,assistant,"You're welcome! If you have any more questions or need further assistance, feel free to ask."
0,1,Conversation_20240121144625,user,ho
0,1,Conversation_20240121144625,assistant,"I'm sorry, I didn't understand your request. How can I assist you?"
0,0,Conversation_20240121144707,assistant,How may I assist you today?
0,0,Conversation_20240121144707,user,Heyhey
0,0,Conversation_20240121144707,assistant,Hello! How can I help you today?
0,0,Conversation_20240121144727,user,what is a woman
0,0,Conversation_20240121144727,assistant,"A woman is an adult human female. In terms of biological sex, women typically have two X chromosomes and possess reproductive anatomy that includes structures such as ovaries, fallopian tubes, uterus, and vagina. However, it's important to note that gender identity is not solely determined by biological sex, and individuals may identify as women regardless of their assigned sex at birth. Women play diverse roles in society and make significant contributions in various fields such as science, politics, arts, and more."
0,1,Conversation_20240121144812,user,how are yo
0,1,Conversation_20240121144812,assistant,"I'm an AI, so I don't have feelings, but I'm here to help you. How can I assist you today?"
0,2,Conversation_20240121144850,user,"Can you count to ten

"
0,2,Conversation_20240121144850,assistant,"Sure! Here's a count from one to ten:

1
2
3
4
5
6
7
8
9
10"
0,0,Conversation_20240121145125,assistant,How may I assist you today?
0,0,Conversation_20240121145125,user,Hiii
0,0,Conversation_20240121145125,assistant,Hello! How can I help you today?
0,1,Conversation_20240121145138,assistant,How may I assist you today?
0,1,Conversation_20240121145138,user,Hiii
0,1,Conversation_20240121145138,assistant,Hello! How can I help you today?
0,1,Conversation_20240121145138,user,what is the waether like
0,1,Conversation_20240121145138,assistant,"I'm sorry, but I don't have access to real-time weather data. However, I can help you with any questions or information you need regarding weather forecasts or weather data analysis. Just let me know how I can assist you!"
0,0,Conversation_20240121145308,assistant,How may I assist you today?
0,0,Conversation_20240121145308,user,Hey
0,0,Conversation_20240121145308,assistant,Hello! How can I help you today?
0,0,Conversation_20240121145314,user,what time is it in germany
0,0,Conversation_20240121145314,assistant,"I'm sorry, I don't have access to real-time information. However, you can easily check the current time in Germany by using a search engine or a world clock website."
0,0,Conversation_20240121145323,user,really?
0,0,Conversation_20240121145323,assistant,"Yes, unfortunately, I don't have access to real-time information. I apologize for any inconvenience."
0,1,Conversation_20240121145355,user,reyly
0,1,Conversation_20240121145355,assistant,"I apologize, but I'm not sure what you're asking. Can you please provide more information or clarify your question?"
0,2,Conversation_20240121145420,user,??
0,2,Conversation_20240121145420,assistant,I'm here to assist you with any questions or tasks you have. Just let me know what you need help with!
0,0,Conversation_20240121145921,assistant,How may I assist you today?
0,0,Conversation_20240121145921,user,hi
0,0,Conversation_20240121145921,assistant,Hello! How can I help you today?
0,0,Conversation_20240121145937,user,:)
0,0,Conversation_20240121145937,assistant,I'm here to assist you with any questions or tasks you have. Just let me know what you need help with!
0,1,Conversation_20240121145947,assistant,How may I assist you today?
0,1,Conversation_20240121145947,user,hoooooooop
0,1,Conversation_20240121145947,assistant,I'm an AI assistant here to help you with any questions or tasks you have. How can I assist you today?
0,1,Conversation_20240121145958,user,really
0,1,Conversation_20240121145958,assistant,I apologize for any confusion. How can I assist you today?
0,2,Conversation_20240121150003,assistant,How may I assist you today?
0,2,Conversation_20240121150003,user,hi
0,2,Conversation_20240121150003,assistant,Hello! How can I help you today?
0,3,Conversation_20240121150017,assistant,How may I assist you today?
0,3,Conversation_20240121150017,user,bye
0,3,Conversation_20240121150017,assistant,"Goodbye! If you have any more questions in the future, feel free to ask. Have a great day!"
