conversation_index,conversation_title,role,content
0,Conversation_20240121150340,assistant,How may I assist you today?
0,Conversation_20240121150340,user,hi
0,Conversation_20240121150340,assistant,Hello! How can I help you today?
0,Conversation_20240121150351,user,really
0,Conversation_20240121150351,assistant,I'm here to assist you with any questions or problems you may have. Just let me know what you need help with!
0,Conversation_20240121150402,user,loool
0,Conversation_20240121150402,assistant,I'm glad I could make you laugh! Is there anything specific you need assistance with?
1,Conversation_20240121150428,assistant,How may I assist you today?
1,Conversation_20240121150428,user,hwa
1,Conversation_20240121150428,assistant,Hello! How can I assist you today?
2,Conversation_20240121150441,assistant,How may I assist you today?
2,Conversation_20240121150441,user,good day
2,Conversation_20240121150441,assistant,Good day! How can I assist you today?
2,Conversation_20240121150451,user,really
2,Conversation_20240121150451,assistant,I'm here to help! What do you need assistance with?
3,Conversation_20240121150501,assistant,How may I assist you today?
3,Conversation_20240121150501,user,sooooo
3,Conversation_20240121150501,assistant,I'm here to help! What do you need assistance with?
0,Conversation_20240123125823,assistant,How may I assist you today?
0,Conversation_20240123125823,user,sooo its me
0,Conversation_20240123125823,assistant,Hello! How can I assist you today?
0,Conversation_20240123125833,user,oo
0,Conversation_20240123125833,assistant,Hello! How can I assist you today?
1,Conversation_20240123125846,assistant,How may I assist you today?
1,Conversation_20240123125846,user,he
1,Conversation_20240123125846,assistant,I'm here to help with any questions or tasks you have. Just let me know what you need assistance with!
1,Conversation_20240123125853,user,oooooo
1,Conversation_20240123125853,assistant,I apologize if my previous response was not helpful. How may I assist you today?
